Product,Revenue,Revenue_MAN,Revenue_WOMAN,Items_sold,Items_sold_MAN,Items_sold_WOMAN,Number_of_fragrancies,Fragrancies_MAN,Fragrancies_WOMAN,Tital_items,Items_MAN,Items_WOMAN
"Chrome by Azzaro 67  68 oz EDT Cologne for Men New In Box",1410130,1410130,0,30655,30655,0,1,1,0,1,1,0
"Ck One by Calvin Klein Cologne Perfume Unisex 34 oz New In Box",1243196,1243196,0,54052,54052,0,1,1,0,1,1,0
"Versace Eros by Gianni Versace 34 oz EDT Cologne for Men Tester",1237002,1237002,0,31718,31718,0,1,1,0,1,1,0
"Cool Water by Davidoff 42 oz EDT Cologne for Men New In Box",1010114,1010114,0,40394,40394,0,1,1,0,1,1,0
"Versace Pour Homme Signature by Versace 34 oz EDT Cologne for Men New In Box",937640,937640,0,21310,21310,0,1,1,0,1,1,0
"Versace Pour Homme Signature by Versace 34 oz EDT Cologne for Men New Tester",716364,716364,0,19899,19899,0,1,1,0,1,1,0
"OBSESSION by Calvin Klein 40 oz 4 MEN edt Cologne New in Box",553104,553104,0,24048,24048,0,1,1,0,1,1,0
"Cool Water by Davidoff Cologne for Men 67  68 oz Brand New In Box",514862,514862,0,13549,13549,0,1,1,0,1,1,0
"Escape by Calvin Klein EDP Perfume for Women 34 oz New In Box",464204,0,464204,17854,0,17854,1,0,1,1,0,1
"1 Million by Paco Rabanne 34 oz EDT Cologne for Men New Tester",417219,417219,0,8877,8877,0,1,1,0,1,1,0
"VERA WANG Perfume 33  34 oz EDP For Women Spray NEW IN BOX",397425,0,397425,15897,0,15897,1,0,1,1,0,1
"Hugo by Hugo Boss 67 oz EDT Cologne for Men Brand New In Box",375300,375300,0,7506,7506,0,1,1,0,1,1,0
"Eternity by Calvin Klein 34 oz EDT Cologne for Men Brand New Tester",356692,356692,0,12739,12739,0,1,1,0,1,1,0
"Burberry Touch by Burberry EDT Cologne for Men 33  34 oz Brand New Tester",352324,352324,0,12583,12583,0,1,1,0,1,1,0
"La Nuit De Lhomme by Yves Saint Laurent YSL Cologne Men 33 34 oz New In Box",336140,336140,0,4802,4802,0,1,1,0,1,1,0
"TOMMY BOY EST 1985 by Tommy Hilfiger Cologne edt men 34  33 oz NEW in BOX",316784,316784,0,12184,12184,0,1,1,0,1,1,0
"KENNETH COLE BLACK Cologne for Men 34 oz EDT Spray New in Box",309096,309096,0,12879,12879,0,1,1,0,1,1,0
"GUCCI GUILTY POUR HOMME  Cologne for Men  EDT  30 oz  BRAND NEW IN BOX",303166,303166,0,5227,5227,0,1,1,0,1,1,0
"The One by Dolce  Gabbana 5  50 oz EDT Cologne for Men New In Box",298179,298179,0,4733,4733,0,1,1,0,1,1,0
"COACH NEW YORK by Coach cologne for men EDT 33  34 oz New In Box",273312,273312,0,7592,7592,0,1,1,0,1,1,0
"ARMAF CLUB DE NUIT INTENSE 36 oz FOR MEN EDT SOLE OFFICIAL DISTRIBUTOR OF ARMAF",268320,268320,0,8385,8385,0,1,1,0,1,1,0
"Light Blue by Dolce  Gabbana 42 oz Cologne for Men Tester with Cap",267032,267032,0,9208,9208,0,1,1,0,1,1,0
"Mont Blanc Legend Spirit 67 oz EDT Cologne for Men New In Box",265096,265096,0,5098,5098,0,1,1,0,1,1,0
"Amarige by Givenchy 33  34 oz EDT Perfume for Women New In Box",251403,0,251403,5349,0,5349,1,0,1,1,0,1
"Brit Sheer by Burberry 33  34 oz EDT Perfume for Women New In Box",243110,0,243110,6946,0,6946,1,0,1,1,0,1
"Prada Luna Rossa by Prada 34 oz EDT Cologne for Men New In Box",233016,233016,0,2774,2774,0,1,1,0,1,1,0
"Versace Bright Crystal Absolu by Versace 30 oz EDP Perfume for Women Tester",232470,0,232470,5166,0,5166,1,0,1,1,0,1
"Polo Green by Ralph Lauren 8  80 oz EDT Cologne for Men New In Box",228312,228312,0,3171,3171,0,1,1,0,1,1,0
"Eternity by CK Calvin Klein 34 oz EDP Perfume for Women Tester",224576,0,224576,7018,0,7018,1,0,1,1,0,1
"Eternity for Men by Calvin Klein cologne EDT 67  68 oz New In Box",223280,223280,0,5582,5582,0,1,1,0,1,1,0
"Black Kenneth Cole Cologne for Men 33  34 oz Brand New In Box",222360,222360,0,9265,9265,0,1,1,0,1,1,0
"Curve Cologne for Men by Liz Claiborne  67  68 oz Spray EDC New in Box",218922,218922,0,6634,6634,0,1,1,0,1,1,0
"212 VIP by Carolina Herrera  Cologne for Men  34 oz  BRAND NEW IN BOX",217769,217769,0,3691,3691,0,1,1,0,1,1,0
"Y by Yves Saint Laurent YSL 33  34 oz EDP Cologne for Men New In Box",210956,210956,0,2293,2293,0,1,1,0,1,1,0
"Light Blue by Dolce  Gabbana DG 33  34 oz EDT Perfume for Women New In Box",208335,0,208335,4845,0,4845,1,0,1,1,0,1
"The One by Dolce  Gabbana DG Cologne for Men 33  34 oz Brand New In Box",200711,200711,0,3787,3787,0,1,1,0,1,1,0
"Pleasures by Estee Lauder 34 oz EDP Perfume for Women New In Box",200634,0,200634,5901,0,5901,1,0,1,1,0,1
"Burberry London Classic by Burberry 33  34 oz EDT Cologne for Men New In Box",198016,198016,0,6188,6188,0,1,1,0,1,1,0
"Burberry Weekend by Burberry 33  34 oz EDP Perfume for Women New In Box",195874,0,195874,5761,0,5761,1,0,1,1,0,1
"Light Blue eau Intense by Dolce  Gabbana DG EDP Perfume for Women 33  34 oz",195468,0,195468,3759,0,3759,1,0,1,1,0,1
"White Diamonds by Elizabeth Taylor 33 34 oz EDT Perfume for Women New Tester",194921,0,194921,10259,0,10259,1,0,1,1,0,1
"Acqua Di Gioia by Giorgio Armani 34 oz EDP Perfume for Women New In Box",183747,0,183747,2663,0,2663,1,0,1,1,0,1
"Marc Jacobs Daisy Dream by Marc Jacobs 34 oz EDT Perfume for Women New In Box",179104,0,179104,3088,0,3088,1,0,1,1,0,1
"Versace Dylan Blue by Gianni Versace 34 oz EDT Cologne for Men New Tester",173594,173594,0,4234,4234,0,1,1,0,1,1,0
"Versace Pour Homme Oud Noir 34 oz EDP Cologne for Men New In Box",171050,171050,0,3110,3110,0,1,1,0,1,1,0
"MONT BLANC LEGEND 33  34 oz EDT Cologne for Men New In Box",161024,161024,0,5032,5032,0,1,1,0,1,1,0
"POLO SPORT Ralph Lauren 42 oz Cologne for Men EDT New in Box",160736,160736,0,5023,5023,0,1,1,0,1,1,0
"Eclat DArpege by Lanvin 33  34 oz EDP Perfume for Women New In Box",158317,0,158317,5107,0,5107,1,0,1,1,0,1
"Polo Green by Ralph Lauren Cologne for Men 4  40 oz Brand New In Box",158200,158200,0,4520,4520,0,1,1,0,1,1,0
"LHomme by Yves Saint Laurent YSL 33  34 oz EDT Cologne for Men New In Box",152863,152863,0,2153,2153,0,1,1,0,1,1,0
"360 by Perry Ellis Perfume 33  34 oz Spray for Women edt NEW IN BOX",151925,0,151925,6077,0,6077,1,0,1,1,0,1
"Club de Nuit Sillage by Armaf 36 oz EDP Cologne for Men New In Box",151640,151640,0,4460,4460,0,1,1,0,1,1,0
"Guess Marciano perfume for women EDP 33  34 oz New in Box",151160,0,151160,7558,0,7558,1,0,1,1,0,1
"Obsession Night by CK Calvin Klein 40 oz EDT Cologne for Men New In Box",150556,150556,0,5377,5377,0,1,1,0,1,1,0
"Bentley Intense by Bentley 34 oz EDP Cologne for Men New In Box",149205,149205,0,5145,5145,0,1,1,0,1,1,0
"Euphoria by Calvin Klein 34 oz EDT Cologne for Men New In Box",141664,141664,0,4427,4427,0,1,1,0,1,1,0
"CONTRADICTION by Calvin Klein 34 oz EDP Perfume For Women New in Box Sealed",138164,0,138164,5314,0,5314,1,0,1,1,0,1
"THALLIUM by YVES DE SISTELLE Men Cologne 33 oz edt 34 New in Box",137807,137807,0,7253,7253,0,1,1,0,1,1,0
"Club de Nuit Intense by Armaf 68 oz EDP Cologne for Men New In Box",137700,137700,0,2550,2550,0,1,1,0,1,1,0
"Romance by Ralph Lauren 34 oz EDP Perfume for Women New In Box",136877,0,136877,3041,0,3041,1,0,1,1,0,1
"Deep Red by Hugo Boss Perfume for women 30 oz edp New in Box",134379,0,134379,4977,0,4977,1,0,1,1,0,1
"DRAKKAR NOIR by Guy Laroche cologne for men EDT 67  68 oz New in Box",134244,134244,0,4972,4972,0,1,1,0,1,1,0
"PACO RABANNE pour homme Cologne for Men EDT  33  34 oz New Tester",133392,133392,0,4764,4764,0,1,1,0,1,1,0
"PARIS HILTON 34  33 oz edp Perfume for Women New in Box",133392,0,133392,5558,0,5558,1,0,1,1,0,1
"LEAU DISSEY By Issey Miyake cologne for him EDT 67  68 oz New in Box",133110,133110,0,2465,2465,0,1,1,0,1,1,0
"Ed Hardy Hearts  Daggers 34 oz edt Cologne Spray for Men New in Box",132660,132660,0,6633,6633,0,1,1,0,1,1,0
"LImperatrice by Dolce  Gabbana DG 33  34 oz EDT Perfume for Women NIB",131781,0,131781,3379,0,3379,1,0,1,1,0,1
"CK Beauty by Calvin Klein 33  34 oz EDP Perfume for Women New In Box",131375,0,131375,5255,0,5255,1,0,1,1,0,1
"VERSACE CRYSTAL NOIR by Gianni Versace for women EDT 30 oz New in Box",130548,0,130548,2838,0,2838,1,0,1,1,0,1
"HERRERA FOR MEN  Carolina Herrera Cologne  EDT  67  68 oz  NEW IN BOX",129558,129558,0,1963,1963,0,1,1,0,1,1,0
"Obsession by Calvin Klein EDP Perfume for Women 33  34 oz New Tester",128501,0,128501,5587,0,5587,1,0,1,1,0,1
"PS by Paul Sebastian Cologne for Men 8  80 oz Brand New In Box",128284,128284,0,4934,4934,0,1,1,0,1,1,0
"Lagerfeld Classic by Lagerfeld 5 oz EDT Cologne for Men New In Box",126900,126900,0,5076,5076,0,1,1,0,1,1,0
"Curve Crush by Liz Claiborne 42 oz Cologne for Men Brand New Tester",125056,125056,0,7816,7816,0,1,1,0,1,1,0
"VANDERBILT by Gloria 34 oz 33 edt for Women Perfume  New Box Seal",123216,0,123216,10268,0,10268,1,0,1,1,0,1
"Versace Dylan Blue pour homme cologne for men EDT 67 oz 68 New in Box",120054,120054,0,1819,1819,0,1,1,0,1,1,0
"LEAU DISSEY by ISSEY MIYAKE  Cologne for Men 67 oz  NEW IN BOX",119124,119124,0,2206,2206,0,1,1,0,1,1,0
"Poeme by Lancome 34 oz 100 ml Leau de Parfum Spray for Women in Sealed Box",119110,0,119110,1385,0,1385,1,0,1,1,0,1
"Aventus by Creed, 33 oz Millesime EDP Spray for Men",118104,118104,0,456,456,0,1,1,0,1,1,0
"HERRERA for Men Carolina Herrera Cologne EDT 34 oz 33 New in Box",117360,117360,0,2934,2934,0,1,1,0,1,1,0
"RED by GIORGIO BEVERLY HILLS women edt spray Perfume 30 oz New",116595,0,116595,7773,0,7773,1,0,1,1,0,1
"Oscar by Oscar De La Renta EDT Perfume for Women 33  34 oz New In Box",114378,0,114378,3466,0,3466,1,0,1,1,0,1
"Coach by Coach 3  30 oz EDP Perfume for Women New In Box",113960,0,113960,3080,0,3080,1,0,1,1,0,1
"6 For 1995 MENM WOMENW  UNISEXU Body Oil Fragrances 10 ml Roll On Pure",113292,113292,0,18882,18882,0,1,1,0,1,1,0
"Guess Girl by Guess 34 oz EDT Perfume for Women New In Box",112560,0,112560,5628,0,5628,1,0,1,1,0,1
"Spicebomb Extreme by Viktor  Rolf 304 oz EDP Cologne for Men New In Box",111456,111456,0,1296,1296,0,1,1,0,1,1,0
"Fahrenheit by Christian Dior 34 oz EDT Cologne for Men New In Box",110627,110627,0,1243,1243,0,1,1,0,1,1,0
"Invictus by Paco Rabanne 34 oz EDT Cologne for Men Brand New Tester",110340,110340,0,2452,2452,0,1,1,0,1,1,0
"360 Red by Perry Ellis 67  68 oz EDT Cologne for Men New In Box",108120,108120,0,2703,2703,0,1,1,0,1,1,0
"Lacoste Eau De Lacoste Blanc L1212 Cologne for Men 59  6 oz New In Box",107730,107730,0,1995,1995,0,1,1,0,1,1,0
"Gucci Rush by Gucci EDT Perfume for Women 25 oz Brand New Tester",103232,0,103232,1613,0,1613,1,0,1,1,0,1
"PRINCESS by VERA WANG Perfume 33  34 oz EDT For Women NEW in BOX",103075,0,103075,4123,0,4123,1,0,1,1,0,1
"Aromatics Elixir by Clinique 34 oz Perfume Spray for Women New In Box",102880,0,102880,3215,0,3215,1,0,1,1,0,1
"Exclamation by Coty Perfume for Women Cologne Spray 17 oz New In Box",102634,0,102634,7331,0,7331,1,0,1,1,0,1
"White Shoulders 45 oz Perfume for Women Eau de Cologne Spray New In Box",101916,0,101916,5662,0,5662,1,0,1,1,0,1
"Drakkar Noir by Guy Laroche 34 oz EDT Cologne for Men New In Box",99000,99000,0,5500,5500,0,1,1,0,1,1,0
"COOL WATER  Davidoff  Perfume for Women  EDT  34 oz  BRAND NEW TESTER",98720,0,98720,4936,0,4936,1,0,1,1,0,1
"Jean Paul Gaultier Le Male LE PARFUM 42 oz Eau de Parfum INTENSE Spray NO BOX",96256,96256,0,1024,1024,0,1,1,0,1,1,0
"Deep Red by Hugo Boss EDP Perfume for Women 30 oz Brand New In Box",95985,0,95985,3555,0,3555,1,0,1,1,0,1
"COACH Floral Blush by Coach perfume for women EDP 3  30 oz New in Box",95570,0,95570,2515,0,2515,1,0,1,1,0,1
"LADY MILLION Paco Rabanne for women perfume EDP 27 oz NEW TESTER",95250,0,95250,1905,0,1905,1,0,1,1,0,1
"Emporio Armani Stronger With You by Giorgio Armani 34 oz Cologne for Men NIB",94643,94643,0,1333,1333,0,1,1,0,1,1,0
"JIMMY CHOO by Jimmy Choo 33  34 oz Spray EDT for Women NEW IN BOX",93918,0,93918,2846,0,2846,1,0,1,1,0,1
"BOSS  6 UNLIMITED by HUGO BOSS Cologne EDT Men 33  34 oz NO SIX NEW IN BOX",92312,92312,0,2098,2098,0,1,1,0,1,1,0
"Parfums de Marly Layton by Parfums de Marly, 25 oz EDP Spray men",91915,91915,0,593,593,0,1,1,0,1,1,0
"Blue Jeans by Versus Gianni Versace 25 oz EDT Cologne for Men New In Box",91380,91380,0,4569,4569,0,1,1,0,1,1,0
"Burberry Brit by Burberry 33  34 oz EDT Perfume for Women New In Box",90650,0,90650,2590,0,2590,1,0,1,1,0,1
"VERSACE WOMAN by Gianni Versace Perfume for Women EDP 34 oz New in Box SEALED",89595,0,89595,2715,0,2715,1,0,1,1,0,1
"Forever Elizabeth by Elizabeth Taylor 34 oz Spray edp 33 Perfume NEW in Box",89471,0,89471,5263,0,5263,1,0,1,1,0,1
"Light Blue by Dolce  Gabbana, 67 oz EDT Spray for Women",88075,0,88075,1355,0,1355,1,0,1,1,0,1
"Polo Blue by Ralph Lauren 42 oz EDP Parfum Cologne for Men Brand New In Box",87516,87516,0,1683,1683,0,1,1,0,1,1,0
"SHI by Alfred Sung Perfume for Women EDP 33  34 oz New In Box Sealed",86160,0,86160,4308,0,4308,1,0,1,1,0,1
"GIVENCHY POUR HOMME Cologne for Men 34 oz  33 oz EDT New in Box",85386,85386,0,2247,2247,0,1,1,0,1,1,0
"Prada LHomme Intense 33 oz 100 ml Eau De Parfum Spray for Men",85315,85315,0,755,755,0,1,1,0,1,1,0
"Lolita Lempicka by Lolita Lempicka 34 oz EDP Perfume for Women New In Box",83577,0,83577,2143,0,2143,1,0,1,1,0,1
"Phantom by Paco Rabanne 34 oz EDT Cologne for Men Brand New In Box",83030,83030,0,1202,1202,0,1,1,0,1,1,0
"Azzaro The Most Wanted 33 oz100 ml PARFUM Spray for Men New in Sealed Box",81880,81880,0,920,920,0,1,1,0,1,1,0
"Alien by Thierry Mugler 3 oz EDP Perfume for Women New In Box",81005,0,81005,953,0,953,1,0,1,1,0,1
"VIVA LA JUICY NOIR by Juicy Couture Perfume Women 34 oz edp 33 New in Box",80274,0,80274,2361,0,2361,1,0,1,1,0,1
"Curve Crush by Liz Claiborne EDT Perfume for Women 33  34 oz New In Box",78848,0,78848,3584,0,3584,1,0,1,1,0,1
"JIMMY CHOO BLOSSOM 33  34 oz EDP Perfume Women NEW TESTER",77593,0,77593,2503,0,2503,1,0,1,1,0,1
"360 by Perry Ellis Perfume 67 oz for Women edt NEW IN BOX",77315,0,77315,2209,0,2209,1,0,1,1,0,1
"Ed Hardy by Christian Audigier Perfume for Women edp 34 oz Brand New In Box",77220,0,77220,3510,0,3510,1,0,1,1,0,1
"VERSACE EROS POUR FEMME 33  34 oz EDP Perfume For Women New Tester",76100,0,76100,1522,0,1522,1,0,1,1,0,1
"YACHT MAN RED by Myrurgia 33  34 oz EDT Cologne for Men New in Box",76077,76077,0,8453,8453,0,1,1,0,1,1,0
"COUTURE LA LA Juicy Couture women perfume edp 34 oz 33 NEW IN BOX",75648,0,75648,3152,0,3152,1,0,1,1,0,1
"mini cologne Versace Pour Homme for Men Brand New In Box",75280,75280,0,9410,9410,0,1,1,0,1,1,0
"Emporio Armani Stronger With You Intensely 34 oz EDP Cologne for Men New in Box",75240,75240,0,684,684,0,1,1,0,1,1,0
"Terre Dhermes by Hermes 67 oz EDT Cologne for Men New In Box",73260,73260,0,740,740,0,1,1,0,1,1,0
"GIORGIO by Giorgio Beverly Hills 3  30 oz EDT Perfume for Women New In Box",73018,0,73018,3319,0,3319,1,0,1,1,0,1
"Michael Kors Sexy Amber by Michael Kors 34 oz EDP For Women Perfume New In Box",72468,0,72468,1647,0,1647,1,0,1,1,0,1
"JIMMY CHOO FLASH by Jimmy Choo 33  34 oz EDP Perfume Women NEW IN BOX",71262,0,71262,1926,0,1926,1,0,1,1,0,1
"Fancy by Jessica Simpson 34 oz EDP Perfume for Women New In Box",70824,0,70824,2724,0,2724,1,0,1,1,0,1
"Yellow Diamond by Gianni Versace for women EDT 30 oz New Tester",70633,0,70633,1909,0,1909,1,0,1,1,0,1
"ED HARDY HEARTS  DAGGERS 34  33 oz EDP For Women NEW in BOX",70500,0,70500,3525,0,3525,1,0,1,1,0,1
"JIMMY CHOO by Jimmy Choo 33  34 oz EDP Women NEW IN BOX",69616,0,69616,1832,0,1832,1,0,1,1,0,1
"CURIOUS Britney Spears women perfume edp 33 oz 34 NEW IN BOX",69480,0,69480,3860,0,3860,1,0,1,1,0,1
"Anais Anais LOriginal by Cacharel 34 oz EDT Perfume for Women New In Box",67019,0,67019,2311,0,2311,1,0,1,1,0,1
"Halston Z 14 by Halston Cologne 42 oz EDC For Men New tester",66645,66645,0,4443,4443,0,1,1,0,1,1,0
"Boucheron by Boucheron 33 34 oz EDT Perfume for Women New In Box",66264,0,66264,2761,0,2761,1,0,1,1,0,1
"Burberry Touch by Burberry perfume for women EDP 33  34 oz New in Box",66198,0,66198,1947,0,1947,1,0,1,1,0,1
"Versace Bright Crystal Absolu by Versace perfume for her EDP 30 oz New in Box",66096,0,66096,1224,0,1224,1,0,1,1,0,1
"Curve Wave Cologne for Men by Liz Claiborne 42 oz New in Box  Can",64991,64991,0,3823,3823,0,1,1,0,1,1,0
"Not a Perfume by Juliette has a gun 33 oz EDP Perfume for Women Tester",62840,0,62840,1571,0,1571,1,0,1,1,0,1
"VIVA LA JUICY ROSE COUTURE by Juicy Couture 34 oz EDP For Women New in Box",62322,0,62322,1833,0,1833,1,0,1,1,0,1
"Creed Silver Mountain Water 33 oz EDP Cologne for Men Brand New Tester",61760,61760,0,386,386,0,1,1,0,1,1,0
"Jean Paul Gaultier Le Beau 42 oz Eau de Toilette Spray for Men New NO BOX",61446,61446,0,539,539,0,1,1,0,1,1,0
"Couture Couture by Juicy Couture perfume for women EDP 33  34 oz New in Box",61264,0,61264,2188,0,2188,1,0,1,1,0,1
"Valentino Uomo Born In Roma Coral Fantasy 34 oz EDT Cologne New In Box",61014,61014,0,666,666,0,1,1,0,1,1,0
"Viva La Juicy Rose by Juicy Couture 34 oz EDP Perfume for Women New In Box",60860,0,60860,1790,0,1790,1,0,1,1,0,1
"360 by Perry Ellis 34 oz EDT Cologne for Men New In Box",60053,60053,0,2611,2611,0,1,1,0,1,1,0
"ED HARDY Love  Luck by Christian Audigier 33  34 oz EDP For Women New in Box",59920,0,59920,2996,0,2996,1,0,1,1,0,1
"JAGUAR CLASSIC BLACK by Jaguar cologne for men EDT 33  34 oz New in Box",59130,59130,0,3942,3942,0,1,1,0,1,1,0
"Mont Blanc Explorer 67 oz EDP Cologne for Men New In Box",58900,58900,0,950,950,0,1,1,0,1,1,0
"Creed Silver Mountain Water by Creed 33 oz Perfume Cologne for Men New In Box",58860,58860,0,327,327,0,1,1,0,1,1,0
"White Tea by Elizabeth Arden 33  34 oz EDT Perfume for Women New in Box",58500,0,58500,2250,0,2250,1,0,1,1,0,1
"Tea Rose by Perfumers Workshop 40  4 oz EDT For Women New In Box",58396,0,58396,4492,0,4492,1,0,1,1,0,1
"Acqua Di Gio Profondo by Giorgio Armani 25 oz Parfum Cologne for Men New In Box",57954,57954,0,743,743,0,1,1,0,1,1,0
"POLO by Ralph Lauren 40 oz Cologne EDT Men GREEN New in Box",57114,57114,0,1503,1503,0,1,1,0,1,1,0
"K by Dolce  Gabbana KING cologne for men EDT 5 oz New in Box",55608,55608,0,993,993,0,1,1,0,1,1,0
"INVICTUS Paco Rabanne men cologne edt 34 oz 33 NEW TESTER",55522,55522,0,1207,1207,0,1,1,0,1,1,0
"Y By Yves Saint Laurent LE PARFUM for Men 33 oz  100 ml NEW IN BOX",54614,54614,0,581,581,0,1,1,0,1,1,0
"VIVA LA JUICY GOLD COUTURE by Juicy Couture Women 33  34 oz EDP New in Box",53928,0,53928,1498,0,1498,1,0,1,1,0,1
"mini Yellow Diamond by Versace EDT Perfume for Women Brand New In Box",53739,0,53739,5971,0,5971,1,0,1,1,0,1
"Prada Luna Rossa Black 34 oz EDP Cologne for Men New In Box",52830,52830,0,587,587,0,1,1,0,1,1,0
"Michael Jordan by Michael Jordan 34 oz Cologne Spray for Men New In Box",52480,52480,0,2624,2624,0,1,1,0,1,1,0
"PARIS HILTON edt Cologne Spray 34 oz 33 Men New in RETAIL Box",52325,52325,0,2093,2093,0,1,1,0,1,1,0
"Aramis by Aramis EDT Cologne spray for Men 37 oz Brand New In Box",52206,52206,0,2486,2486,0,1,1,0,1,1,0
"Versace 4pc Miniature Gift Set for Men Eau Fraiche, Dylan Blue, Eros, Pour Homme",51823,51823,0,1787,1787,0,1,1,0,1,1,0
"Ck One Shock for Her by Calvin Klein 6768 oz EDT Perfume for Women New In Box",50804,0,50804,1954,0,1954,1,0,1,1,0,1
"LA NUIT DE LHOMME by Yves Saint Laurent cologne EDT 33  34 oz New in Box",50400,50400,0,720,720,0,1,1,0,1,1,0
"Abercrombie  Fitch Fierce 34 oz 100ml Eau De Cologne For Men Brand New Sealed",50234,50234,0,1383,1383,0,1,1,0,1,1,0
"Creed Aventus by Creed EDP Cologne for Men 17 oz New In Box",50008,50008,0,266,266,0,1,1,0,1,1,0
"MONT BLANC LEGEND SPIRIT EDT 33 OZ FOR MEN WITH CAP NEW IN WHITE BOX",49863,49863,0,1511,1511,0,1,1,0,1,1,0
"Encre Noire by Lalique Cologne for Men EDT 33  34 oz New In Box",48516,48516,0,1866,1866,0,1,1,0,1,1,0
"VERSACE L HOMME edt 33  34 oz Cologne for Men New in Box",48125,48125,0,1925,1925,0,1,1,0,1,1,0
"Hypnose by Lancome 25 oz EDP Perfume for Women New In Box",47235,0,47235,705,0,705,1,0,1,1,0,1
"Giorgio Armani Acqua Di Gio 67 oz  200 ml Mens Eau de Toilette Spray",46512,46512,0,969,969,0,1,1,0,1,1,0
"VOLUPTE by Oscar de la Renta 33  34 oz EDT Perfume For Women New in Box",46284,0,46284,2436,0,2436,1,0,1,1,0,1
"Polo Deep Blue by Ralph Lauren 42 oz Parfum Cologne for Men New In Box",46057,46057,0,869,869,0,1,1,0,1,1,0
"Supremacy Not Only Intense by Afnan 34 oz EDP Cologne for Men New In Box",45954,45954,0,1242,1242,0,1,1,0,1,1,0
"NAUTICA VOYAGE cologne for men EDT 67 oz 68 New in Box",45903,45903,0,1391,1391,0,1,1,0,1,1,0
"Valentino Donna Born In Roma Perfume 34ozEDP Spray for Women New in Sealed Box",45344,0,45344,416,0,416,1,0,1,1,0,1
"RED by Giorgio Beverly Hills 33  34 oz EDT For Men New in BOX",45072,45072,0,2817,2817,0,1,1,0,1,1,0
"Sung Perfume by Alfred Sung for Women 33  34 oz EDT New in Box",45056,0,45056,2048,0,2048,1,0,1,1,0,1
"Abercrombie  Fitch Fierce 67 oz200 ml Eau de Cologne Brand New Sealed In Box",44884,44884,0,916,916,0,1,1,0,1,1,0
"I Want Choo Forever by Jimmy Choo 33 oz EDP Perfume for Women New in Box",44660,0,44660,770,0,770,1,0,1,1,0,1
"Mont Blanc Legend by Mont Blanc cologne for men EDP 33  34 oz New In Box",44424,44424,0,1234,1234,0,1,1,0,1,1,0
"Daisy Eau So Fresh Perfume by Marc Jacobs 42 oz EDT Spray for Women Sealed Box",44031,0,44031,1129,0,1129,1,0,1,1,0,1
"Giorgio Armani Acqua Di Gio 34 oz Mens Eau de Toilette Cologne NEW  SEALED",43036,43036,0,1484,1484,0,1,1,0,1,1,0
"Mini Versace Crystal Noir by Versace 017 oz EDT Perfume for Women New In Box",42975,0,42975,4775,0,4775,1,0,1,1,0,1
"ETERNITY for Men by CALVIN KLEIN 33  34 oz EDT New In box",42222,42222,0,1362,1362,0,1,1,0,1,1,0
"Bad Boy by Carolina Herrera 51 oz Eau de Toilette Spray for Men New NO Box",42120,42120,0,780,780,0,1,1,0,1,1,0
"JAGUAR by Jaguar for Men Green Cologne 34 oz Spray edt New in Box",41655,41655,0,2777,2777,0,1,1,0,1,1,0
"Versace Dylan Turquoise by Gianni Versace 34 oz EDT Perfume for Women NiB",41301,0,41301,1059,0,1059,1,0,1,1,0,1
"Armaf club de nuit UNTOLD 105ml36oz Eau de Parfum Unisex Spray  New  Sealed",41065,41065,0,955,955,0,1,1,0,1,1,0
"Versace Pour Femme Dylan Blue 34 oz EDP Perfume for Women New In Box",40810,0,40810,742,0,742,1,0,1,1,0,1
"CHROME LEGEND by Azzaro cologne for men EDT 42 oz New in Box",40584,40584,0,1691,1691,0,1,1,0,1,1,0
"360 PURPLE Perry Ellis Women 34 oz 33 edp perfume spray NEW IN BOX",40400,0,40400,1616,0,1616,1,0,1,1,0,1
"THE BARON by BARON 45 oz EDC For Men New in Box",40124,40124,0,1433,1433,0,1,1,0,1,1,0
"Sweet Like Candy by Ariana Grande EDP Perfume for Women 34 oz Brand New Tester",39788,0,39788,1372,0,1372,1,0,1,1,0,1
"TESTER SUNG  Alfred Sung  Perfume for Women  34 oz  BRAND NEW",39552,0,39552,2472,0,2472,1,0,1,1,0,1
"Emporio Armani Stronger With You Intensely 33oz EDP Spray for Men in Sealed Box",39480,39480,0,420,420,0,1,1,0,1,1,0
"Armaf Club De Nuit Intense 507oz  150ml Pure Parfum  Brand New  Sealed",39200,39200,0,700,700,0,1,1,0,1,1,0
"SALVATORE FERRAGAMO POUR FEMME edp Perfume for women 34  33 oz New in Box",39063,0,39063,1347,0,1347,1,0,1,1,0,1
"INCANTO CHARMS by Salvatore Ferragamo EDT 34 oz Perfume for women New in Box",38594,0,38594,1678,0,1678,1,0,1,1,0,1
"360 White by Perry Ellis 34 oz edt 33 Spray for Men New in BOX",38451,38451,0,1831,1831,0,1,1,0,1,1,0
"Eternity Flame by Calvin Klein 34 oz EDT Cologne for Men New In Box",38400,38400,0,1536,1536,0,1,1,0,1,1,0
"Pure Instinct Pheromone Cologne For Him,Sex Attractant, Mens Best Pheromone 1oz",38352,38352,0,2256,2256,0,1,1,0,1,1,0
"ARPEGE by Lanvin 33  34 oz EDP For Women New in Box Sealed",38040,0,38040,1585,0,1585,1,0,1,1,0,1
"Diesel Only The Brave by Diesel EDT Cologne for Men 67 oz New In Box",37912,37912,0,677,677,0,1,1,0,1,1,0
"DRAKKAR NOIR by Guy Laroche 34 oz  33 oz edt spray for Men New UNBOXED",37520,37520,0,2345,2345,0,1,1,0,1,1,0
"DIAMONDS AND RUBIES by ELIZABETH TAYLOR 33 oz  34 oz edt NEW in Box",37485,0,37485,2499,0,2499,1,0,1,1,0,1
"Incanto Charms by Salvatore Ferragamo for women EDT 33  34 oz New Tester",37009,0,37009,2177,0,2177,1,0,1,1,0,1
"BORA BORA by Liz Claiborne perfume for women EDP 34 oz New in Box",36652,0,36652,2156,0,2156,1,0,1,1,0,1
"Armaf Tres Nuit 34 oz100ml Eau De Toilette for Men",36568,36568,0,1306,1306,0,1,1,0,1,1,0
"Knowing by Estee Lauder 25 oz EDP Perfume for Women New In Box",36456,0,36456,868,0,868,1,0,1,1,0,1
"Miami Glow by JLO Jennifer Lopez EDT Perfume for Women 34 oz New In Box",36248,0,36248,1576,0,1576,1,0,1,1,0,1
"Givenchy Gentleman 33ozEau de Toilette INTENSE Spray for Men New in Sealed Box",36161,36161,0,619,619,0,1,1,0,1,1,0
"CURVE for Men by Liz Claiborne 42 oz edt Cologne Spray New in Can  TIN",36099,36099,0,1337,1337,0,1,1,0,1,1,0
"Fancy by Jessica Simpson 33  34 oz edp perfume women NEW in Retail Box",36036,0,36036,1386,0,1386,1,0,1,1,0,1
"Euphoria by Calvin Klein 67 oz Sensual Skin Body Lotion for Women Brand New",36036,0,36036,2002,0,2002,1,0,1,1,0,1
"Donna Karan Cashmere Mist 34 oz  100ml Women Eau de Parfum Brand New Sealed",35931,0,35931,1239,0,1239,1,0,1,1,0,1
"JAIPUR Homme by Boucheron cologne 33  34 oz EDP For Men New in Box",35840,35840,0,1024,1024,0,1,1,0,1,1,0
"Individuel by Mont Blanc 25 oz EDT Cologne for Men New In Box",35600,35600,0,1424,1424,0,1,1,0,1,1,0
"Hollister Wave by Hollister 34 oz EDP Perfume for Women Brand New In Box",35388,0,35388,1966,0,1966,1,0,1,1,0,1
"Red Jeans by Versus Versace 25 oz Perfume for Women New In Box",35280,0,35280,1960,0,1960,1,0,1,1,0,1
"Promise Me by Aeropostale, 34 oz EDP Spray for Women",34788,0,34788,1338,0,1338,1,0,1,1,0,1
"Azzaro Pour Homme by Azzaro 34 oz EDT Cologne for Men 33 100 ml New In Box",34762,34762,0,1337,1337,0,1,1,0,1,1,0
"CURVE by Liz Claiborne 34  33 oz edt Perfume for women New in Can",34668,0,34668,1926,0,1926,1,0,1,1,0,1
"VERSACE CRYSTAL NOIR for women EDT 30 oz New Tester",33880,0,33880,847,0,847,1,0,1,1,0,1
"Club de Nuit by Armaf perfume for women EDP 68 oz New in Box",33516,0,33516,931,0,931,1,0,1,1,0,1
"Coach Wild Rose 3 oz EDP Perfume for Women New In Box",33432,0,33432,796,0,796,1,0,1,1,0,1
"Sauvage Dior Eau De Parfum MINATURE 10ml  034 oz ",33300,33300,0,1332,1332,0,1,1,0,1,1,0
"LANVIN LHomme by Lanvin Cologne L Homme for Men 34 oz EDT New in Box",33235,33235,0,1955,1955,0,1,1,0,1,1,0
"FANTASY Britney Spears women perfume edp 33 oz 34 NEW TESTER",32472,0,32472,1804,0,1804,1,0,1,1,0,1
"Guess 1981 by Guess cologne for men EDT 33  34 oz New in Box",32260,32260,0,1613,1613,0,1,1,0,1,1,0
"VERSACE EROS FLAME by Versace for men cologne EDP 33  34 oz New in Box",31900,31900,0,550,550,0,1,1,0,1,1,0
"Curve Chill by Liz Claiborne Cologne for Men 42 oz New In Box",31872,31872,0,1992,1992,0,1,1,0,1,1,0
"Bharara King Eau De Parfum Men 34 Oz",31820,31820,0,430,430,0,1,1,0,1,1,0
"GENTLEMEN ONLY by Givenchy Cologne 33  34 oz EDT Cologne For Men New in Box",31800,31800,0,636,636,0,1,1,0,1,1,0
"KOUROS by Yves Saint Laurent 33 EDT Cologne MEN 34 oz YSL New in Box",31610,31610,0,545,545,0,1,1,0,1,1,0
"ARMAF CLUB DE NUIT INTENSE  MILESTONE  SILLAGE 10 oz 3PC SET  FREE SAMPLE",31525,31525,0,485,485,0,1,1,0,1,1,0
"SO DE LA RENTA Oscar 33  34 oz EDT For Women New in Box",31388,0,31388,1652,0,1652,1,0,1,1,0,1
"Starwalker by Mont Blanc 25 oz EDT Cologne for Men Brand New Tester",31328,31328,0,1424,1424,0,1,1,0,1,1,0
"Light Blue by Dolce  Gabbana, 33 oz EDT Spray for Women",31115,0,31115,635,0,635,1,0,1,1,0,1
"Azzaro Wanted Tonic by Azzaro 34 oz EDT Cologne for Men Brand New Tester",30780,30780,0,1140,1140,0,1,1,0,1,1,0
"Tom Ford Noir Extreme by Tom Ford 34 oz EDP Cologne for Men New In Box",30392,30392,0,262,262,0,1,1,0,1,1,0
"Laventure Knight by Al Haramain cologne for men EDP 33  34 oz New in Box",29940,29940,0,998,998,0,1,1,0,1,1,0
"Jessica Mc Clintock by Jessica McClintock 34 oz EDP Perfume for Women Tester",29680,0,29680,1484,0,1484,1,0,1,1,0,1
"Bad Boy Le Parfum by Carolina Herrera 34 oz EDP Spray for Men New NO BOX",29264,29264,0,496,496,0,1,1,0,1,1,0
"OSCAR by Oscar de la Renta for women EDT 67 oz New in Box",29154,0,29154,678,0,678,1,0,1,1,0,1
"SUNFLOWERS by Elizabeth Arden for women EDT 33  34 oz New in Box",28905,0,28905,1927,0,1927,1,0,1,1,0,1
"Cool Water Intense by Davidoff 42 oz EDP Cologne for Men New In Box",28866,28866,0,849,849,0,1,1,0,1,1,0
"Gardenia by Elizabeth Taylor Perfume for Women edp 34 oz Brand New In Box",28764,0,28764,1692,0,1692,1,0,1,1,0,1
"Cabotine De Gres by Parfums 33  34 oz EDT Perfume For Women NEW IN BOX",27986,0,27986,1999,0,1999,1,0,1,1,0,1
"YACHT MAN DENSE by Myrurgia cologne EDT 33  34 oz New in Box",27837,27837,0,3093,3093,0,1,1,0,1,1,0
"K by Dolce  Gabbana cologne for men EDT 33  34 oz New Tester",27756,27756,0,771,771,0,1,1,0,1,1,0
"Prada LHomme 34 oz EDT Cologne for Men New In Box",27692,27692,0,322,322,0,1,1,0,1,1,0
"BURBERRY CLASSIC by Burberry perfume for women EDP 33  34 oz New in Box",27550,0,27550,725,0,725,1,0,1,1,0,1
"Giorgio Armani Acqua Di Gio 67oz  200ml Mens Eau de Toilette Spray Brand New",27526,27526,0,607,607,0,1,1,0,1,1,0
"Michael Kors CLASSICOriginal Formula Eau De Parfum 3Pcs Set   New With Box",27508,0,27508,92,0,92,1,0,1,1,0,1
"F by Ferragamo Pour Homme cologne EDT 33  34 oz New in Box",27222,27222,0,1047,1047,0,1,1,0,1,1,0
"BHARARA KING men 34 Oz Eau de Parfum spray NEW IN BOX",27136,27136,0,512,512,0,1,1,0,1,1,0
"Viktor  Rolf Flowerbomb Ruby Orchid 34 oz Eau de Parfum Spray",26386,0,26386,334,0,334,1,0,1,1,0,1
"Valentino Uomo Born In Roma 34 oz Eau de Toilette Spray for Men New in Box",26255,26255,0,295,295,0,1,1,0,1,1,0
"AB SPIRIT MILLIONAIRE by Lomani men 33 oz 34 edt cologne NEW IN BOX",26080,26080,0,1630,1630,0,1,1,0,1,1,0
"Coach Floral by Coach EDP 3  30 oz Perfume for Women Brand New Tester",26078,0,26078,767,0,767,1,0,1,1,0,1
"HALLOWEEN MAN X EDT 42 OZ  125 ML FOR MEN NEW IN WHITE BOX",25980,25980,0,866,866,0,1,1,0,1,1,0
"VIVA LA JUICY by Juicy Couture perfume for women EDP 33  34 oz New Tester",25694,0,25694,886,0,886,1,0,1,1,0,1
"Jesus Del Pozo Halloween Perfume for Women 34 oz 33 Spray New in Box Sealed",25584,0,25584,984,0,984,1,0,1,1,0,1
"Light Blue Eau Intense by Dolce  Gabbana, 67 oz EDP Spray for Men",25530,25530,0,370,370,0,1,1,0,1,1,0
"Bleu Noir by Narciso Rodriguez 33 34 oz EDP Cologne for Men New In Box",25488,25488,0,432,432,0,1,1,0,1,1,0
"SAUVAGE by Christian Dior EDP For Men 68 oz  200 ml NEW IN SEALED BOX",25440,25440,0,160,160,0,1,1,0,1,1,0
"Hidden Fantasy by Britney Spears 33  34 oz EDP For Women NEW IN BOX",25403,0,25403,1337,0,1337,1,0,1,1,0,1
"Good Girl Perfume by Carolina Herrera 51 oz Eau de Parfum Spray New NO Box",25365,0,25365,285,0,285,1,0,1,1,0,1
"Sirene by Vicky Tiel 33  34 oz EDP For Women New in Box",25128,0,25128,1396,0,1396,1,0,1,1,0,1
"Sweet Like Candy by Ariana Grande perfume 33  34 oz edp New Tester",24824,0,24824,856,0,856,1,0,1,1,0,1
"DAISY by Marc Jacobs for women EDT 33  34 oz New in Box",24510,0,24510,430,0,430,1,0,1,1,0,1
"FOREVER by Alfred Sung for Women Perfume 42 oz New in Box",24256,0,24256,1516,0,1516,1,0,1,1,0,1
"Not A Perfume by Juliette Has A Gun, 33 oz EDP Spray for Women TESTER",24123,0,24123,561,0,561,1,0,1,1,0,1
"Black Opium Yves Saint Laurent 30 oz Eau De Parfum Perfume New Factory Sealed",24080,0,24080,602,0,602,1,0,1,1,0,1
"Nautica Voyage Heritage by Nautica 34 oz EDT Cologne for Men New In Box",23976,23976,0,1332,1332,0,1,1,0,1,1,0
"Light Blue by Dolce  Gabbana 33  34 oz EDT Perfume for Women New In Box",23809,0,23809,821,0,821,1,0,1,1,0,1
"XS by Paco Rabanne cologne for men EDT 33  34 oz New Tester",23772,23772,0,849,849,0,1,1,0,1,1,0
"Bora Bora by Liz Claiborne cologne for men EDC 33  34 oz New in Box",23290,23290,0,1370,1370,0,1,1,0,1,1,0
"Gucci Flora Gorgeous Gardenia 33 oz EDP Perfume for Women New In Box",22848,0,22848,272,0,272,1,0,1,1,0,1
"ILLICIT FLOWER by Jimmy Choo for women EDT 33  34 oz New Tester",22725,0,22725,909,0,909,1,0,1,1,0,1
"K by Dolce  Gabbana cologne for men EDP 33  34 oz New Tester",22724,22724,0,494,494,0,1,1,0,1,1,0
"Fierce By Abercrombie  Fitch 67oz200ml Mens Eau De Cologne Brand New Sealed",22687,22687,0,463,463,0,1,1,0,1,1,0
"Halloween Man X by Jesus Del Pozo 42 oz EDT Cologne for Men New In Box",22644,22644,0,612,612,0,1,1,0,1,1,0
"Invictus by Paco Rabanne cologne for men EDT 68 oz New In Box",22561,22561,0,293,293,0,1,1,0,1,1,0
"POLO SPORT FRESH by Ralph Lauren cologne for men EDT 42 oz New in Box",22356,22356,0,972,972,0,1,1,0,1,1,0
"Magnetism by Escada perfume for women EDP 25 oz New in Box",22140,0,22140,738,0,738,1,0,1,1,0,1
"ALT Fragrances  Crystal No 23 EDP Inspired by Baccarat Rouge 540, 2 oz",21707,0,21707,443,0,443,1,0,1,1,0,1
"PI by Givenchy cologne for men EDT 33  34 oz New Tester",21318,21318,0,627,627,0,1,1,0,1,1,0
"True Religion Perfume for Women 34 oz 100 ml EDP New in Box",21312,0,21312,888,0,888,1,0,1,1,0,1
"Reaction for Her by Kenneth Cole 33  34 oz EDP Perfume for Women New In Box",21160,0,21160,920,0,920,1,0,1,1,0,1
"Polo Blue by Ralph Lauren 42 oz EDT Cologne for Men Brand New In Box",20910,20910,0,615,615,0,1,1,0,1,1,0
"YSL La Nuit De LHomme Bleu Electrique EDT INTENSE 33 oz  100 ml New  Sealed",20880,20880,0,145,145,0,1,1,0,1,1,0
